{
            "type": "array",
            "items": {
                "type": "object",
                "required": [
                    "universe"
                ],
                "properties": {
                    "adjustments": {
                        "description": "The list of adjustments types (comma delimiter) which the back-end applied to the returned historical time series data.\nThe supported values of adjustments\n* unadjusted - Not apply both exchange/manual corrections and CORAX\n* exchangeCorrection - Apply exchange correction adjustment to historical pricing\n* manualCorrection - Apply manual correction adjustment to historical pricing i.e. annotations made by content analysts\n* CCH - Apply Capital Change adjustment to historical Pricing due to Corporate Actions e.g. stock split\n* CRE - Apply Currency Redenomination adjustment when there is redenomination of currency\n* RPO - Apply Reuters Price Only adjustment to adjust historical price only not volume\n* RTS - Apply Reuters TimeSeries adjustment to adjust both historical price and volume\n* qualifiers - Apply price or volume adjustment to historical pricing according to trade/quote qualifier summarization actions e.g. noPrice, noVolume, noPriceAndVolume, noBid, noAsk, noBidAndAsk, outOfSessionIntraday, outOfSessionInterday. This adjustment is for events data only.\n",
                        "type": "array",
                        "items": {
                            "type": "string",
                            "enum": [
                                "unadjusted",
                                "exchangeCorrection",
                                "manualCorrection",
                                "CCH",
                                "CRE",
                                "RPO",
                                "RTS",
                                "qualifiers"
                            ]
                        }
                    },
                    "data": {
                        "type": "array",
                        "items": {
                            "type": "array",
                            "items": {
                                "description": "The data value associated with the headers. For the numeric value, scientific notation is not used.",
                                "type": [
                                    "string",
                                    "number"
                                ]
                            }
                        }
                    },
                    "defaultPricingField": {
                        "type": "string"
                    },
                    "headers": {
                        "description": "The headers section of tabular respose",
                        "type": "array",
                        "items": {
                            "type": "object",
                            "required": [
                                "name",
                                "type"
                            ],
                            "properties": {
                                "decimalChar": {
                                    "description": "The decimal character used for decimal number",
                                    "type": "string"
                                },
                                "isEnum": {
                                    "description": "The boolean indicating an enumerated field",
                                    "type": "boolean"
                                },
                                "name": {
                                    "description": "field name",
                                    "type": "string"
                                },
                                "type": {
                                    "description": "Json data type i.e. string, number",
                                    "type": "string"
                                }
                            }
                        }
                    },
                    "interval": {
                        "description": "The consolidation interval for summaries data only.",
                        "type": "string"
                    },
                    "meta": {
                        "type": "object",
                        "properties": {
                            "blendingEntry": {
                                "type": "object",
                                "properties": {
                                    "data": {
                                        "type": "array",
                                        "items": {
                                            "type": "array",
                                            "items": {
                                                "type": [
                                                    "string",
                                                    "number"
                                                ]
                                            }
                                        }
                                    },
                                    "headers": {
                                        "type": "array",
                                        "items": {
                                            "type": "object",
                                            "required": [
                                                "name",
                                                "type"
                                            ],
                                            "properties": {
                                                "decimalChar": {
                                                    "description": "The decimal character used for decimal number.",
                                                    "type": "string"
                                                },
                                                "isEnum": {
                                                    "description": "The boolean indicates an enumerated field.",
                                                    "type": "boolean"
                                                },
                                                "name": {
                                                    "type": "string"
                                                },
                                                "type": {
                                                    "description": "Json data type i.e. string, number.",
                                                    "type": "string"
                                                }
                                            }
                                        }
                                    }
                                }
                            }
                        }
                    },
                    "qos": {
                        "description": "The quality of service of the user for a given RIC universe for the delayed users. The back-end will only return qos (QoS Delayed) for delayed  users no matter whether the query range [start,end) is within the exchange embargo period (e.g. 15 minute delay) or not. The data in the response may or may not be truncated due to the exchange embargo period.",
                        "type": "object",
                        "required": [
                            "timeliness"
                        ],
                        "properties": {
                            "timeliness": {
                                "description": "Timeliness information",
                                "type": "string",
                                "enum": [
                                    "delayed"
                                ]
                            }
                        }
                    },
                    "status": {
                        "description": "Message status object",
						"type": "object",
						"required": [
							"code",
							"message"
						],
						"properties": {
							"code": {
								"description": "An application-specific status code, expressed as a string value",
								"type": "string",
								"title": "Status code"
							},
							"message": {
								"description": "A human-readable explanation/reason specific to this occurrence of the problem. This field's value can be localized.",
								"type": "string",
								"title": "Status message"
							}
						}
                    },
                    "summaryTimestampLabel": {
                        "type": "string",
                        "enum": [
                            "startPeriod",
                            "endPeriod"
                        ]
                    },
                    "universe": {
                        "type": "object",
                        "properties": {
                            "ric": {
                                "type": "string"
                            }
                        }
                    }
                }
            }
        }